periode	kantor_imigrasi	biasa_24	biasa_48	elektronik_48	e_polikarbonat	total
2026-01	KANIM KELAS I TPI BANDUNG	57	19	9779	282	10137
2026-01	KANIM KELAS I TPI CIREBON	0	494	4391	0	4885
2026-01	KANIM KELAS I NON TPI BOGOR	62	655	6261	0	6978
2026-01	KANIM KELAS I NON TPI BEKASI	0	1183	7975	0	9158
2026-01	KANIM KELAS I NON TPI KARAWANG	0	338	3685	0	4023
2026-01	KANIM KELAS I NON TPI DEPOK	0	395	5422	0	5817
2026-01	KANIM KELAS I NON TPI TASIKMALAYA	0	0	2212	0	2212
2026-01	KANIM KELAS II NON TPI SUKABUMI	0	459	2245	0	2704
2026-01	KANIM KELAS III NON TPI CIANJUR	0	3	882	0	885
2026-01	KANIM KELAS II NON TPI GARUT	0	0	118	0	118
2026-02	KANIM KELAS I TPI BANDUNG	82	30	7329	199	7640
2026-02	KANIM KELAS I TPI CIREBON	0	784	3719	0	4503
2026-02	KANIM KELAS I NON TPI BOGOR	57	596	4557	0	5210
2026-02	KANIM KELAS I NON TPI BEKASI	0	1331	6446	0	7777
2026-02	KANIM KELAS I NON TPI KARAWANG	0	457	2882	0	3339
2026-02	KANIM KELAS I NON TPI DEPOK	0	221	3940	0	4161
2026-02	KANIM KELAS I NON TPI TASIKMALAYA	3	0	1312	0	1315
2026-02	KANIM KELAS II NON TPI SUKABUMI	0	342	1613	0	1955
2026-02	KANIM KELAS III NON TPI CIANJUR	0	0	675	0	675
2026-02	KANIM KELAS II NON TPI GARUT	0	0	1174	0	1174
2026-03	KANIM KELAS I TPI BANDUNG	61	47	4307	304	4719
2026-03	KANIM KELAS I TPI CIREBON	0	492	2236	0	2728
2026-03	KANIM KELAS I NON TPI BOGOR	27	151	2331	0	2509
2026-03	KANIM KELAS I NON TPI BEKASI	0	680	4268	0	4948
2026-03	KANIM KELAS I NON TPI KARAWANG	0	258	1644	0	1902
2026-03	KANIM KELAS I NON TPI DEPOK	0	74	3138	0	3212
2026-03	KANIM KELAS I NON TPI TASIKMALAYA	9	2	738	0	749
2026-03	KANIM KELAS II NON TPI SUKABUMI	0	138	978	0	1116
2026-03	KANIM KELAS III NON TPI CIANJUR	0	0	411	0	411
2026-03	KANIM KELAS II NON TPI GARUT	0	0	636	0	636
2026-04	KANIM KELAS I TPI BANDUNG	103	104	7191	472	7870
2026-04	KANIM KELAS I TPI CIREBON	0	915	4004	0	4919
2026-04	KANIM KELAS I NON TPI BOGOR	84	698	5176	0	5958
2026-04	KANIM KELAS I NON TPI BEKASI	0	1973	7439	0	9412
2026-04	KANIM KELAS I NON TPI KARAWANG	0	562	3142	0	3704
2026-04	KANIM KELAS I NON TPI DEPOK	0	371	6210	0	6581
2026-04	KANIM KELAS I NON TPI TASIKMALAYA	5	0	1749	0	1754
2026-04	KANIM KELAS II NON TPI SUKABUMI	0	466	2588	0	3054
2026-04	KANIM KELAS III NON TPI CIANJUR	0	0	798	0	798
2026-04	KANIM KELAS II NON TPI GARUT	0	0	940	0	940
2026-05	KANIM KELAS I TPI BANDUNG	75	86	6240	380	6781
2026-05	KANIM KELAS I TPI CIREBON	0	1025	3821	0	4846
2026-05	KANIM KELAS I NON TPI BOGOR	2	531	4467	0	5000
2026-05	KANIM KELAS I NON TPI BEKASI	0	1619	5757	0	7376
2026-05	KANIM KELAS I NON TPI KARAWANG	0	625	2938	0	3563
2026-05	KANIM KELAS I NON TPI DEPOK	0	284	4814	0	5098
2026-05	KANIM KELAS I NON TPI TASIKMALAYA	0	0	1643	0	1643
2026-05	KANIM KELAS II NON TPI SUKABUMI	0	332	2071	0	2403
2026-05	KANIM KELAS III NON TPI CIANJUR	0	0	737	0	737
2026-05	KANIM KELAS II NON TPI GARUT	0	0	1103	0	1103
2026-06	KANIM KELAS I TPI BANDUNG	19	30	6055	444	6548
2026-06	KANIM KELAS I TPI CIREBON	0	987	4810	0	5797
2026-06	KANIM KELAS I NON TPI BOGOR	1	281	5885	0	6167
2026-06	KANIM KELAS I NON TPI BEKASI	0	1375	6293	0	7668
2026-06	KANIM KELAS I NON TPI KARAWANG	0	731	3602	0	4333
2026-06	KANIM KELAS I NON TPI DEPOK	0	156	5174	0	5330
2026-06	KANIM KELAS I NON TPI TASIKMALAYA	1	0	1843	0	1844
2026-06	KANIM KELAS II NON TPI SUKABUMI	0	200	2398	0	2598
2026-06	KANIM KELAS III NON TPI CIANJUR	0	0	882	0	882
2026-06	KANIM KELAS II NON TPI GARUT	0	0	1528	0	1528
2026-07	KANIM KELAS I TPI BANDUNG	0	0	8194	574	8768
2026-07	KANIM KELAS I TPI CIREBON	0	1128	4820	0	5948
2026-07	KANIM KELAS I NON TPI BOGOR	3	71	5399	0	5473
2026-07	KANIM KELAS I NON TPI BEKASI	0	1207	8510	0	9717
2026-07	KANIM KELAS I NON TPI KARAWANG	0	723	3841	0	4564
2026-07	KANIM KELAS I NON TPI DEPOK	0	54	6215	0	6269
2026-07	KANIM KELAS I NON TPI TASIKMALAYA	3	0	2350	0	2353
2026-07	KANIM KELAS II NON TPI SUKABUMI	0	101	2571	0	2672
2026-07	KANIM KELAS III NON TPI CIANJUR	0	0	963	0	963
2026-07	KANIM KELAS II NON TPI GARUT	0	0	1546	0	1546
2026-08	KANIM KELAS I TPI BANDUNG	1	0	6948	396	7345
2026-08	KANIM KELAS I TPI CIREBON	0	814	5402	0	6216
2026-08	KANIM KELAS I NON TPI BOGOR	3	37	5120	0	5160
2026-08	KANIM KELAS I NON TPI BEKASI	0	1722	8253	0	9975
2026-08	KANIM KELAS I NON TPI KARAWANG	0	557	3521	0	4078
2026-08	KANIM KELAS I NON TPI DEPOK	0	2	5673	0	5675
2026-08	KANIM KELAS I NON TPI TASIKMALAYA	0	0	2395	0	2395
2026-08	KANIM KELAS II NON TPI SUKABUMI	0	59	2078	0	2137
2026-08	KANIM KELAS III NON TPI CIANJUR	0	0	751	0	751
2026-08	KANIM KELAS II NON TPI GARUT	0	0	1252	0	1252